
{
    "recipes": [
        {
            "id": "rec1",
            "dishImage": "assets/food_pics/Menara-Siger.png",
            "title": "Menara Siger",
            "duration": "Jalan Lintas Sumatra, Bakauheni, Kec. Bakauheni, Kabupaten Lampung Selatan, Lampung 35592",
            "source": "https://pixabay.com/photos/salmon-dish-food-meal-fish-518032/",
            "information": [
                "Course: Main Course",
                "Price: Cheap",
                "Cuisine: Meditarrian",
                "Skill Level: Beginner",
                "Prep Time 5 minutes"
            ]
        },
        {
            "id": "rec2",
            "dishImage": "assets/food_pics/Air-Terjun-Putri-Malu.png",
            "title": "Air Terjun Putri Malu",
            "duration": "Hutan Register 24, Banjit, Hutan Register 24, Banjit, Kabupaten Way Kanan, Lampung 34766",
            "source": "https://pixabay.com/photos/cupcakes-dessert-frosting-food-690040/",
            "information": [
                "Course: Dessert",
                "Price: Somewhat cheap",
                "Cuisine: American",
                "Skill Level: Amateur",
                "Prep Time 10 minutes"
            ]
        },
        {
            "id": "rec3",
            "dishImage": "assets/food_pics/Lampung-walk.jpg",
            "title": "Lampung Walk",
            "duration": "Way Halim Permai, Way Halim, Kota Bandar Lampung, Lampung 35133",
            "source": "https://pixabay.com/photos/pancakes-maple-syrup-sweet-food-2291908/",
            "information": [
                "Course: Breakfast",
                "Price: Cheap",
                "Cuisine: American",
                "Skill Level: Beginner",
                "Prep Time 5 minutes"
            ]
        },
        {
            "id": "rec4",
            "dishImage": "assets/food_pics/Pantai-Pasir-Putih.png",
            "title": "Pantai Pasir Putih",
            "duration": "Rangai Tri Tunggal, Desa Tarahan, tepatnya di Kecamatan Katibung, Kabupaten Lampung Selatan, Provinsi Lampung",
            "source": "https://pixabay.com/photos/spaghetti-drunken-line-food-pasta-960978/",
            "information": [
                "Course: Main Course",
                "Price: Expensive",
                "Cuisine: Italian",
                "Skill Level: Beginner",
                "Prep Time 5 minutes"
            ]
        },
        {
            "id": "rec5",
            "dishImage": "assets/food_pics/Puncak-Mas-Lampung.jpg",
            "title": "Puncak Mas Sukadanaham",
            "duration": "Jl. PB. Marga, Sukadana Ham, Kec. Tj. Karang Bar., Kota Bandar Lampung, Lampung 35215",
            "source": "https://pixabay.com/photos/fried-rice-thai-food-thai-cuisine-3023040/",
            "information": [
                "Course: Main Course",
                "Price: Cheap",
                "Cuisine: Thai",
                "Skill Level: Beginner",
                "Prep Time 5 minutes"
            ]
            
        },
        {
            "id": "rec6",
            "dishImage": "assets/food_pics/Taman-Nasional-Way-Kambas.png",
            "title": "Taman Nasional Way Kambas",
            "duration": "Kabupaten Lampung Timur, Lampung",
            "source": "https://pixabay.com/photos/green-curry-thai-food-3604721/",
            "information": [
                "Course: Main Course",
                "Price: Medium",
                "Cuisine: Thai",
                "Skill Level: Amateur",
                "Prep Time 10 minutes"
            ]
        },
        {
            "id": "rec7",
            "dishImage": "assets/food_pics/Pulau-Pahawang.png",
            "title": "Pulau Pahawang",
            "duration": "kecamatan Punduh Pidada, kabupaten Pesawaran, Lampung Selatan",
            "source": "https://pixabay.com/photos/soup-pho-soup-vietnam-vietnamese-5250765/",
            "information": [
                "Course: Main Course",
                "Price: Cheap",
                "Cuisine: Vietnamese",
                "Skill Level: Hard",
                "Prep Time 20 minutes"
            ]
        },
        {
            "id": "rec8",
            "dishImage": "assets/food_pics/Abung-River-Tubing.jpg",
            "title": "Abung River Tubing",
            "duration": "Desa Tanjung Baru, Kecamatan Bukit Kemuning, Lampung Utara",
            "source": "https://pixabay.com/photos/burger-fast-food-hamburger-731298/",
            "information": [
                "Course: Main Course",
                "Price: Cheap",
                "Cuisine: American",
                "Skill Level: Easy",
                "Prep Time 5 minutes"
            ]
        }
    ]
}